{"_id":{"$oid":"5c82305deb05cc00047f6ba1"},"id":"0142f4e8-e50b-4a28-a560-88d7023dff2d","time":"5974","session":"2","Question 1 goes here":"answer-1","Question 2 goes here":"answer-3","Question 3 goes here":"answer-2","Question 4 goes here":"answer-2"}
{"_id":{"$oid":"5c8230daeb05cc00047f6baa"},"id":"b458d6f2-b1dc-4ca8-9779-81ae2ef8667d","time":"317480","session":"1","Question 1 goes here":"answer-2","Question 2 goes here":"answer-4","Question 3 goes here":"answer-2","Question 4 goes here":"answer-2"}
{"_id":{"$oid":"5c8230e8eb05cc00047f6bad"},"id":"dd856ccf-48fa-4163-af33-3ec294d6d5a5","time":"10447","session":"2","Question 1 goes here":"answer-1","Question 2 goes here":"answer-2","Question 3 goes here":"answer-2","Question 4 goes here":"answer-2"}
{"_id":{"$oid":"5c823174eb05cc00047f6bb5"},"id":"f7fdf812-5311-415b-ab41-137139ccdc39","time":"21856","session":"5","Question 1 goes here":"answer-2","Question 2 goes here":"answer-2","Question 3 goes here":"answer-2","Question 4 goes here":"answer-1"}
{"_id":{"$oid":"5c823174eb05cc00047f6bb6"},"id":"07166853-f981-4081-94db-1cf07a6de0bb","time":"7477","session":"4","Question 1 goes here":"answer-4","Question 2 goes here":"answer-4","Question 3 goes here":"answer-2","Question 4 goes here":"answer-2"}
{"_id":{"$oid":"5c82320deb05cc00047f6bba"},"id":"5ae39469-2bd7-4392-a19f-0ea1948e648e","time":"547484","session":"1","Question 1 goes here":"answer-2","Question 2 goes here":"answer-4","Question 3 goes here":"answer-2","Question 4 goes here":"answer-2"}
{"_id":{"$oid":"5c8232fdeb05cc00047f6bc1"},"id":"fbd56ac1-5eac-4b56-abab-7bfadb57b78b","time":"18852","session":"2","Question 1 goes here":"answer-4","Question 2 goes here":"answer-4","Question 3 goes here":"answer-2","Question 4 goes here":"answer-2"}
{"_id":{"$oid":"5c823356eb05cc00047f6bcb"},"id":"06f5a625-1472-433b-8bf1-12319d4ade82","time":"14152","session":"2","Question 1 goes here":"answer-1","Question 2 goes here":"answer-1","Question 3 goes here":"answer-2","Question 4 goes here":"answer-2"}
{"_id":{"$oid":"5c82337eeb05cc00047f6bcf"},"id":"76b0a77a-631d-4a36-a40d-3b7688568938","time":"4943","session":"5","Question 1 goes here":"answer-2","Question 2 goes here":"answer-3","Question 3 goes here":"answer-2","Question 4 goes here":"answer-4"}
{"_id":{"$oid":"5c8234d4eb05cc00047f6bda"},"id":"9c83778e-740a-4e99-b086-a9212fe33523","time":"7735","session":"5","Question 1 goes here":"answer-2","Question 2 goes here":"answer-2","Question 3 goes here":"answer-1","Question 4 goes here":"answer-1"}
{"_id":{"$oid":"5c82352beb05cc00047f6be1"},"id":"ba7970e2-f79c-4a05-b9b5-28a849dae19e","time":"7115","session":"5","Question 1 goes here":"answer-3","Question 2 goes here":"answer-3","Question 3 goes here":"answer-4","Question 4 goes here":"answer-4"}
{"_id":{"$oid":"5c8237a4eb05cc00047f6be8"},"id":"775b2d7a-de65-46ae-ab04-c1ebb860413c","time":"66341","session":"1","Question 1 goes here":"answer-4","Question 2 goes here":"answer-4","Question 3 goes here":"answer-2","Question 4 goes here":"answer-2"}
{"_id":{"$oid":"5c8237b2eb05cc00047f6be9"},"id":"eebc53cd-740a-4c14-8f6d-5db1c51889a2","time":"119420","session":"5","Question 1 goes here":"answer-1","Question 2 goes here":"answer-1","Question 3 goes here":"answer-1","Question 4 goes here":"answer-1"}
{"_id":{"$oid":"5c823804eb05cc00047f6bf0"},"id":"c18e8039-950e-435e-9b50-ccfd7f151de5","time":"5512","session":"3","Question 1 goes here":"answer-1","Question 2 goes here":"answer-2","Question 3 goes here":"answer-2","Question 4 goes here":"answer-2"}
{"_id":{"$oid":"5c823867eb05cc00047f6bf6"},"id":"f475fa00-9f82-41de-8bb5-2f375a172e54","time":"4871","session":"5","Question 1 goes here":"answer-2","Question 2 goes here":"answer-2","Question 3 goes here":"answer-4","Question 4 goes here":"answer-4"}
{"_id":{"$oid":"5c82399deb05cc00047f6bf9"},"id":"76ac45db-cb22-4c5c-afbf-262a77f70ae8","time":"11902","session":"1","Question 1 goes here":"answer-4","Question 2 goes here":"answer-4","Question 3 goes here":"answer-2","Question 4 goes here":"answer-2"}
{"_id":{"$oid":"5c823d1ceb05cc00047f6c01"},"id":"3616cfb7-7585-4ab7-9d0a-696e5bcc37ff","time":"12244","session":"4","Question 1 goes here":"answer-1","Question 2 goes here":"answer-2","Question 3 goes here":"answer-2","Question 4 goes here":"answer-2"}
{"_id":{"$oid":"5c823e3ceb05cc00047f6c03"},"id":"fa826529-8055-41a6-bf03-41eb4e390e22","time":"25384","session":"1","Question 1 goes here":"answer-1","Question 2 goes here":"answer-2","Question 3 goes here":"answer-2","Question 4 goes here":"answer-2"}
{"_id":{"$oid":"5c82416eeb05cc00047f6c0b"},"id":"1dee0e1d-de04-42e3-947d-4d1576b7a91a","time":"10509","session":"1","Question 1 goes here":"answer-4","Question 2 goes here":"answer-4","Question 3 goes here":"answer-2","Question 4 goes here":"answer-2"}
{"_id":{"$oid":"5c8241e8eb05cc00047f6c0d"},"id":"1eeb237f-7b32-4bc6-aebc-894cbda21e29","time":"7798","session":"5","Question 1 goes here":"answer-3","Question 2 goes here":"answer-4","Question 3 goes here":"answer-3","Question 4 goes here":"answer-1"}
